道路名称,年份,路龄,车行道小修金?车行道零星金?车行道中修金?掘路修复金额,前一年pci,车道面积,道路属性_主干?道路属性_次干?道路属性_快速路,道路属性_支路,pred,,,,,pci
1,2024,15,75984.30201,21175.95302,72247.36913,16193.37584,82.96,31716421,1,0,0,0,91.42479322
2,2024,15,75984.30201,21175.95302,72247.36913,16193.37584,82.96,31716421,0,1,0,0,91.49940279
3,2024,15,75984.30201,21175.95302,72247.36913,16193.37584,82.96,31716421,0,0,1,0,91.5050553
4,2024,15,75984.30201,21175.95302,72247.36913,16193.37584,82.96,31716421,0,0,0,1,91.46840607
